{
  "hash": "15361783",
  "configHash": "3d535a25",
  "lockfileHash": "31f3b397",
  "browserHash": "580bf902",
  "optimized": {
    "@angular/common": {
      "src": "../../../../../../node_modules/@angular/common/fesm2022/common.mjs",
      "file": "@angular_common.js",
      "fileHash": "42ece59e",
      "needsInterop": false
    },
    "@angular/core": {
      "src": "../../../../../../node_modules/@angular/core/fesm2022/core.mjs",
      "file": "@angular_core.js",
      "fileHash": "d5f81dfb",
      "needsInterop": false
    },
    "@angular/forms": {
      "src": "../../../../../../node_modules/@angular/forms/fesm2022/forms.mjs",
      "file": "@angular_forms.js",
      "fileHash": "47338438",
      "needsInterop": false
    },
    "@angular/platform-browser": {
      "src": "../../../../../../node_modules/@angular/platform-browser/fesm2022/platform-browser.mjs",
      "file": "@angular_platform-browser.js",
      "fileHash": "d14516bd",
      "needsInterop": false
    },
    "@angular/platform-browser/animations/async": {
      "src": "../../../../../../node_modules/@angular/platform-browser/fesm2022/animations/async.mjs",
      "file": "@angular_platform-browser_animations_async.js",
      "fileHash": "746efa4d",
      "needsInterop": false
    },
    "@angular/router": {
      "src": "../../../../../../node_modules/@angular/router/fesm2022/router.mjs",
      "file": "@angular_router.js",
      "fileHash": "8bf3ea2c",
      "needsInterop": false
    }
  },
  "chunks": {
    "chunk-CRZDK43P": {
      "file": "chunk-CRZDK43P.js"
    },
    "browser-O2HHTBBX": {
      "file": "browser-O2HHTBBX.js"
    },
    "chunk-Y5IAB3P7": {
      "file": "chunk-Y5IAB3P7.js"
    },
    "chunk-F5BRNNIR": {
      "file": "chunk-F5BRNNIR.js"
    }
  }
}